incident_id,application_id,opened_date,resolved_date,priority,severity,incident_category,caused_by_change,sla_breached,business_impact_hours
INC00001,APP030,2026-02-28,2026-03-01,1,Medium,Availability,N,Y,1.9
INC00002,APP037,2025-11-26,2025-11-27,1,Major,Access,N,N,4.0
INC00003,APP032,2025-07-15,2025-07-16,4,Low,Availability,N,N,0.6
INC00004,APP032,2025-07-02,2025-07-04,2,Major,Change-related,Y,N,6.0
INC00005,APP020,2026-04-16,2026-04-21,3,Low,Data,N,Y,1.5
INC00006,APP030,2026-02-16,2026-02-17,3,Low,Availability,N,N,0.7
INC00007,APP026,2025-12-21,2026-01-03,3,Low,Security,Y,Y,2.1
INC00008,APP037,2026-05-19,2026-05-22,4,Medium,Security,Y,Y,2.9
INC00009,APP035,2026-04-22,2026-05-13,4,Medium,Change-related,N,N,2.7
INC00010,APP008,2026-06-03,2026-06-04,4,Medium,Access,N,Y,2.5
INC00011,APP038,2026-02-13,2026-02-18,2,Medium,Data,Y,N,10.4
INC00012,APP002,2025-12-22,2025-12-30,3,Medium,Change-related,N,N,0.8
INC00013,APP008,2025-08-20,2025-08-23,3,Medium,Performance,N,Y,0.5
INC00014,APP027,2025-09-25,2025-09-27,1,High,Availability,Y,N,5.0
INC00015,APP021,2025-09-11,2025-09-16,3,Low,Data,Y,Y,0.6
INC00016,APP039,2026-04-27,2026-05-02,2,Low,Availability,N,Y,4.2
INC00017,APP036,2026-01-25,2026-01-25,2,Low,Security,N,Y,3.6
INC00018,APP038,2025-08-21,2025-09-11,3,Medium,Access,N,N,0.3
INC00019,APP033,2025-10-13,2025-10-14,4,Low,Integration,N,Y,1.6
INC00020,APP028,2026-04-11,2026-04-11,3,Low,Change-related,N,N,2.9
INC00021,APP001,2025-07-31,2025-08-13,4,Low,Integration,N,N,1.1
INC00022,APP023,2026-05-20,2026-05-25,2,Medium,Availability,N,Y,4.0
INC00023,APP026,2025-09-01,2025-09-22,4,Low,Data,N,N,1.5
INC00024,APP021,2025-12-23,2026-01-05,3,Low,Performance,N,N,0.6
INC00025,APP039,2025-12-16,2025-12-24,1,High,Security,Y,N,0.5
INC00026,APP001,2025-09-27,2025-10-10,3,Low,Integration,Y,N,2.0
INC00027,APP035,2025-07-16,2025-07-29,4,Medium,Access,N,N,1.1
INC00028,APP012,2025-07-05,2025-07-07,2,High,Data,Y,Y,9.0
INC00029,APP018,2025-12-31,2026-01-05,2,Medium,Change-related,N,Y,11.8
INC00030,APP024,2025-07-19,2025-07-21,3,Medium,Performance,N,Y,2.6
INC00031,APP037,2026-03-14,2026-04-04,3,Medium,Security,N,Y,1.8
INC00032,APP005,2025-09-04,2025-09-06,3,Low,Performance,Y,N,2.0
INC00033,APP040,2025-11-07,2025-11-20,3,Medium,Data,Y,N,1.3
INC00034,APP027,2025-11-18,2025-11-23,2,Low,Data,N,Y,10.7
INC00035,APP015,2025-07-25,2025-08-02,3,Low,Access,Y,N,0.6
INC00036,APP006,2026-04-19,2026-04-21,4,Low,Availability,N,Y,0.5
INC00037,APP020,2025-08-02,2025-08-03,3,Medium,Data,N,Y,1.8
INC00038,APP022,2025-11-06,2025-11-19,3,Medium,Access,Y,N,1.6
INC00039,APP016,2025-08-07,2025-08-20,4,Medium,Security,N,N,0.4
INC00040,APP004,2025-07-18,2025-07-19,3,Medium,Availability,N,Y,0.9
INC00041,APP028,2025-08-03,2025-08-03,2,Major,Access,N,N,1.6
INC00042,APP027,2025-10-28,2025-10-28,4,Low,Data,N,N,2.6
INC00043,APP040,2025-08-21,2025-08-21,3,Low,Integration,N,N,0.6
INC00044,APP007,2025-07-07,2025-07-08,3,Medium,Integration,N,N,1.5
INC00045,APP023,2026-02-01,2026-02-14,3,Medium,Performance,N,Y,0.2
INC00046,APP020,2026-04-26,2026-05-01,3,Low,Integration,N,Y,1.4
INC00047,APP039,2025-12-23,2025-12-23,3,Medium,Availability,N,N,2.5
INC00048,APP036,2025-07-28,2025-07-30,3,Medium,Security,N,Y,1.0
INC00049,APP031,2026-02-25,2026-03-02,3,Low,Integration,N,N,1.0
INC00050,APP007,2026-02-18,2026-02-18,4,Low,Performance,Y,N,0.7
INC00051,APP015,2026-02-24,2026-02-26,3,Low,Security,N,N,1.1
INC00052,APP026,2025-10-03,2025-10-03,4,Low,Availability,Y,N,0.1
INC00053,APP008,2025-09-11,2025-09-13,3,Low,Availability,Y,Y,0.6
INC00054,APP012,2025-10-21,2025-10-22,4,Low,Change-related,N,Y,0.6
INC00055,APP012,2025-11-12,2025-11-12,4,Medium,Data,Y,N,2.8
INC00056,APP020,2026-02-19,2026-02-24,3,Medium,Integration,N,N,0.2
INC00057,APP010,2025-09-05,2025-09-07,4,Low,Security,N,N,1.8
INC00058,APP016,2025-07-24,2025-07-26,4,Low,Change-related,N,N,0.7
INC00059,APP018,2025-09-03,2025-09-16,4,Medium,Security,Y,N,2.4
INC00060,APP040,2025-08-03,2025-08-06,2,Medium,Data,N,Y,4.2
INC00061,APP024,2026-03-27,2026-04-09,3,Low,Access,N,N,2.8
INC00062,APP038,2026-05-29,2026-05-30,1,High,Data,N,N,3.0
INC00063,APP028,2026-01-10,2026-01-15,3,Low,Integration,Y,Y,2.3
INC00064,APP019,2026-02-13,2026-02-15,3,Medium,Data,N,N,1.4
INC00065,APP028,2026-01-26,2026-02-08,3,Low,Access,N,Y,0.5
INC00066,APP015,2025-11-13,2025-11-18,3,Medium,Access,Y,N,2.8
INC00067,APP007,2025-08-30,2025-08-30,2,High,Access,N,N,3.4
INC00068,APP018,2025-10-06,2025-10-07,3,Low,Availability,N,N,2.5
INC00069,APP026,2026-01-24,2026-01-24,4,Low,Security,N,N,0.7
INC00070,APP014,2026-02-28,2026-03-05,2,Low,Security,N,N,9.6
INC00071,APP021,2025-10-05,2025-10-13,3,Medium,Data,N,N,0.1
INC00072,APP009,2026-04-22,2026-04-25,4,Medium,Data,N,N,0.7
INC00073,APP028,2026-01-23,2026-02-13,4,Low,Access,Y,N,2.4
INC00074,APP009,2025-09-17,2025-09-22,4,Low,Data,N,N,0.2
INC00075,APP025,2025-10-05,2025-10-10,3,Low,Security,N,Y,0.5
INC00076,APP036,2025-09-29,2025-10-07,1,Low,Availability,N,Y,1.3
INC00077,APP025,2025-11-23,2025-11-25,2,Major,Data,Y,N,6.5
INC00078,APP011,2025-12-15,2025-12-23,4,Low,Performance,Y,Y,1.6
INC00079,APP031,2025-08-05,2025-08-07,3,Medium,Change-related,N,N,1.3
INC00080,APP031,2025-09-20,2025-09-23,3,Medium,Integration,N,N,0.6
INC00081,APP010,2026-02-14,2026-02-17,2,High,Integration,N,N,5.8
INC00082,APP037,2025-07-21,2025-07-24,3,Low,Access,N,N,1.8
INC00083,APP012,2026-01-29,2026-02-06,3,Low,Data,N,N,1.7
INC00084,APP026,2025-07-23,2025-07-24,2,Medium,Security,N,Y,8.5
INC00085,APP014,2026-03-10,2026-03-31,3,Medium,Access,Y,Y,1.5
INC00086,APP021,2026-01-26,2026-01-29,3,Medium,Integration,Y,N,0.1
INC00087,APP030,2026-01-12,2026-01-20,3,Medium,Data,Y,Y,0.8
INC00088,APP009,2025-12-15,2025-12-28,3,Low,Data,Y,Y,1.6
INC00089,APP016,2026-02-10,2026-02-12,2,High,Performance,Y,Y,2.5
INC00090,APP008,2026-03-31,2026-04-01,4,Medium,Security,Y,N,0.8
INC00091,APP029,2025-12-31,2026-01-08,2,Major,Security,N,N,8.5
INC00092,APP034,2026-05-25,2026-05-26,3,Low,Security,N,N,0.2
INC00093,APP001,2025-07-25,2025-07-27,4,Medium,Access,N,Y,0.3
INC00094,APP027,2025-07-15,2025-07-20,4,Medium,Security,Y,Y,2.9
INC00095,APP007,2026-06-06,2026-06-07,2,Major,Data,Y,N,4.2
INC00096,APP013,2026-05-16,2026-05-21,2,Low,Data,Y,Y,3.0
INC00097,APP023,2025-12-13,2025-12-16,2,Medium,Availability,N,Y,5.8
INC00098,APP005,2026-06-02,2026-06-07,4,Medium,Availability,N,N,0.9
INC00099,APP039,2026-03-13,2026-03-14,4,Medium,Access,Y,N,1.0
INC00100,APP025,2025-09-07,2025-09-12,3,Low,Availability,N,Y,1.8
INC00101,APP038,2026-02-15,2026-02-17,3,Medium,Performance,Y,N,2.3
INC00102,APP008,2025-12-06,2025-12-09,2,High,Integration,Y,Y,2.1
INC00103,APP032,2025-11-29,2025-12-02,2,High,Security,Y,Y,11.1
INC00104,APP039,2026-02-13,2026-02-18,3,Medium,Access,N,N,2.4
INC00105,APP003,2026-03-24,2026-04-01,4,Low,Change-related,Y,Y,2.5
INC00106,APP022,2025-12-23,2026-01-13,3,Medium,Security,N,N,2.1
INC00107,APP015,2026-05-08,2026-05-29,4,Low,Performance,N,N,0.0
INC00108,APP032,2025-08-05,2025-08-05,4,Medium,Performance,N,Y,0.5
INC00109,APP036,2025-10-13,2025-10-13,2,Low,Security,N,N,2.4
INC00110,APP013,2025-11-03,2025-11-05,3,Low,Access,N,N,0.6
INC00111,APP031,2025-08-10,2025-08-15,4,Low,Data,N,N,1.3
INC00112,APP033,2026-05-09,2026-05-10,3,Low,Availability,N,N,2.6
INC00113,APP020,2026-05-01,2026-05-22,3,Medium,Access,N,N,0.9
INC00114,APP019,2026-01-09,2026-01-22,3,Medium,Access,N,N,1.4
INC00115,APP010,2025-10-06,2025-10-11,1,Medium,Data,N,N,11.3
INC00116,APP024,2026-01-13,2026-01-14,3,Low,Availability,Y,N,2.8
INC00117,APP011,2025-10-08,2025-10-11,4,Low,Integration,N,N,2.1
INC00118,APP004,2026-05-30,2026-06-07,3,Medium,Performance,N,Y,2.8
INC00119,APP024,2026-05-20,2026-05-20,3,Medium,Access,N,N,0.4
INC00120,APP016,2026-05-05,2026-05-06,3,Medium,Availability,Y,N,2.1
INC00121,APP025,2026-01-20,2026-01-21,3,Medium,Data,N,N,0.8
INC00122,APP020,2026-03-14,2026-03-22,4,Low,Security,N,N,2.6
INC00123,APP007,2026-05-22,2026-05-27,3,Medium,Access,N,N,1.2
INC00124,APP020,2025-07-04,2025-07-17,4,Medium,Availability,Y,N,1.3
INC00125,APP027,2026-06-01,2026-06-09,3,Medium,Performance,N,Y,2.1
INC00126,APP013,2026-03-07,2026-03-07,2,Low,Integration,N,Y,2.8
INC00127,APP012,2025-10-07,2025-10-15,3,Low,Security,Y,N,0.5
INC00128,APP019,2025-08-13,2025-08-16,3,Medium,Access,Y,N,0.7
INC00129,APP032,2025-08-21,2025-08-23,1,Major,Security,Y,Y,2.9
INC00130,APP001,2026-01-09,2026-01-12,3,Low,Data,N,N,1.3
INC00131,APP024,2025-12-23,2025-12-25,4,Low,Security,N,N,1.8
INC00132,APP023,2025-12-17,2025-12-17,4,Low,Change-related,N,N,2.5
INC00133,APP009,2025-07-14,2025-08-04,3,Low,Security,N,N,1.4
INC00134,APP031,2026-03-21,2026-03-23,3,Medium,Security,N,Y,1.9
INC00135,APP003,2025-12-14,2025-12-16,3,Low,Data,Y,N,1.3
INC00136,APP031,2026-06-03,2026-06-04,4,Low,Access,N,N,0.4
INC00137,APP034,2026-04-19,2026-05-10,4,Medium,Performance,N,Y,0.9
INC00138,APP036,2026-02-25,2026-02-28,2,Major,Data,N,Y,2.9
INC00139,APP006,2025-08-24,2025-08-24,3,Medium,Access,N,N,0.7
INC00140,APP017,2026-06-06,2026-06-07,3,Medium,Integration,N,Y,2.4
INC00141,APP022,2025-10-23,2025-10-24,4,Low,Data,N,N,1.9
INC00142,APP036,2026-02-09,2026-02-11,4,Low,Availability,N,Y,0.3
INC00143,APP022,2026-04-30,2026-05-01,4,Low,Performance,N,N,1.7
INC00144,APP001,2025-12-07,2025-12-12,2,High,Change-related,N,N,4.2
INC00145,APP024,2025-09-03,2025-09-05,3,Medium,Data,Y,N,2.6
INC00146,APP021,2025-09-13,2025-09-16,4,Medium,Data,N,Y,1.8
INC00147,APP010,2026-06-06,2026-06-06,4,Low,Access,Y,N,3.0
INC00148,APP037,2026-03-02,2026-03-04,3,Low,Access,N,Y,2.9
INC00149,APP022,2025-09-17,2025-09-19,4,Medium,Security,Y,Y,2.6
INC00150,APP026,2025-12-01,2025-12-02,4,Medium,Integration,N,N,1.3
INC00151,APP031,2025-12-26,2026-01-03,4,Medium,Integration,N,N,2.1
INC00152,APP013,2026-04-07,2026-04-08,3,Low,Change-related,Y,N,0.9
INC00153,APP011,2026-04-22,2026-04-30,2,Low,Access,N,Y,3.0
INC00154,APP013,2026-05-30,2026-06-07,1,Major,Security,N,N,11.4
INC00155,APP028,2025-09-25,2025-09-26,4,Low,Data,N,Y,0.4
INC00156,APP033,2026-05-29,2026-06-06,3,Medium,Security,N,Y,0.1
INC00157,APP016,2026-01-20,2026-01-21,3,Low,Change-related,Y,N,2.6
INC00158,APP025,2025-11-18,2025-12-01,3,Low,Availability,Y,Y,0.2
INC00159,APP032,2026-05-25,2026-06-15,3,Medium,Availability,N,N,2.1
INC00160,APP007,2026-04-30,2026-05-03,2,Low,Access,N,Y,4.2
INC00161,APP035,2025-10-03,2025-10-03,3,Low,Integration,N,Y,1.6
INC00162,APP038,2026-04-02,2026-04-03,3,Medium,Security,Y,Y,2.6
INC00163,APP012,2025-07-03,2025-07-08,3,Medium,Availability,N,N,0.6
INC00164,APP011,2025-08-14,2025-08-14,3,Medium,Availability,N,N,2.9
INC00165,APP011,2026-02-02,2026-02-02,4,Medium,Access,Y,N,2.7
INC00166,APP019,2026-06-03,2026-06-04,3,Low,Security,N,N,2.7
INC00167,APP023,2026-05-07,2026-05-09,3,Medium,Security,Y,Y,0.1
INC00168,APP010,2025-12-01,2025-12-03,4,Medium,Integration,N,N,1.1
INC00169,APP009,2026-05-15,2026-06-05,3,Low,Access,N,N,2.7
INC00170,APP026,2026-02-19,2026-02-21,2,Low,Security,N,Y,1.3
INC00171,APP018,2026-05-21,2026-05-23,3,Low,Integration,N,N,2.5
INC00172,APP021,2026-02-08,2026-02-10,3,Medium,Access,Y,N,0.3
INC00173,APP036,2026-01-25,2026-02-02,2,Major,Access,N,N,2.2
INC00174,APP015,2025-11-18,2025-11-21,1,High,Data,Y,Y,2.5
INC00175,APP020,2026-04-28,2026-05-11,4,Medium,Integration,N,N,1.7
INC00176,APP019,2026-04-09,2026-04-10,3,Medium,Performance,N,N,0.5
INC00177,APP035,2026-04-09,2026-04-17,3,Low,Integration,N,N,0.0
INC00178,APP033,2025-09-18,2025-09-19,3,Low,Integration,N,Y,2.8
INC00179,APP024,2025-11-05,2025-11-13,3,Low,Performance,N,N,2.4
INC00180,APP033,2025-11-24,2025-12-02,3,Medium,Access,Y,N,1.2
INC00181,APP021,2025-08-16,2025-08-17,3,Medium,Availability,N,N,0.2
INC00182,APP019,2026-04-10,2026-04-10,4,Low,Security,N,N,1.5
INC00183,APP035,2025-09-02,2025-09-04,3,Medium,Security,N,N,1.6
INC00184,APP023,2025-11-03,2025-11-24,4,Medium,Integration,N,Y,2.0
INC00185,APP034,2025-10-24,2025-10-26,2,High,Integration,N,Y,5.4
INC00186,APP025,2025-09-26,2025-09-27,3,Low,Security,N,N,2.6
INC00187,APP008,2025-11-26,2025-11-29,3,Low,Performance,Y,N,1.9
INC00188,APP026,2025-10-20,2025-11-10,4,Medium,Data,N,Y,1.1
INC00189,APP040,2026-02-21,2026-02-26,3,Medium,Availability,N,N,0.6
INC00190,APP023,2025-07-05,2025-07-08,2,High,Availability,N,N,1.9
INC00191,APP032,2025-07-04,2025-07-12,2,Medium,Performance,N,N,4.8
INC00192,APP024,2026-02-05,2026-02-26,4,Low,Availability,N,N,2.5
INC00193,APP011,2025-09-10,2025-09-18,3,Medium,Access,N,Y,0.6
INC00194,APP003,2025-09-07,2025-09-12,3,Medium,Performance,N,N,2.9
INC00195,APP018,2025-08-30,2025-09-20,3,Low,Change-related,N,N,2.3
INC00196,APP026,2026-03-14,2026-03-22,3,Medium,Availability,Y,Y,0.4
INC00197,APP023,2026-03-14,2026-03-22,1,High,Availability,N,N,11.7
INC00198,APP001,2026-02-08,2026-02-11,3,Low,Availability,N,Y,1.9
INC00199,APP033,2025-10-04,2025-10-05,3,Low,Security,N,N,2.5
INC00200,APP013,2026-02-28,2026-03-01,3,Medium,Performance,N,Y,0.4
INC00201,APP026,2025-07-20,2025-07-22,3,Medium,Data,Y,N,0.6
INC00202,APP004,2026-01-11,2026-01-14,3,Medium,Performance,N,N,1.4
INC00203,APP033,2026-02-04,2026-02-07,3,Medium,Access,N,N,2.8
INC00204,APP027,2025-11-04,2025-11-04,3,Medium,Availability,Y,Y,2.0
INC00205,APP021,2025-10-17,2025-10-20,3,Medium,Data,N,N,2.8
INC00206,APP024,2025-12-19,2025-12-20,3,Medium,Security,N,N,1.1
INC00207,APP024,2026-04-28,2026-05-03,3,Medium,Security,N,Y,1.8
INC00208,APP006,2025-08-24,2025-09-01,2,Major,Availability,N,Y,8.6
INC00209,APP007,2025-08-08,2025-08-13,4,Low,Security,N,Y,1.6
INC00210,APP010,2025-07-23,2025-07-26,2,Medium,Change-related,N,N,5.7
INC00211,APP008,2026-02-09,2026-02-12,2,Major,Performance,N,Y,3.8
INC00212,APP037,2025-08-01,2025-08-03,4,Low,Data,Y,Y,1.3
INC00213,APP033,2026-01-13,2026-01-21,3,Low,Integration,N,Y,0.6
INC00214,APP011,2026-04-19,2026-04-27,2,Major,Change-related,N,N,4.0
INC00215,APP015,2025-11-29,2025-12-20,3,Medium,Performance,N,Y,1.6
INC00216,APP019,2025-07-21,2025-07-24,3,Medium,Access,Y,N,2.9
INC00217,APP014,2026-03-31,2026-04-08,2,Medium,Security,N,N,1.5
INC00218,APP036,2025-11-13,2025-11-21,3,Low,Access,Y,N,2.4
INC00219,APP023,2025-10-21,2025-10-24,3,Medium,Access,Y,N,2.0
INC00220,APP038,2025-08-24,2025-09-01,3,Low,Change-related,N,N,0.7
INC00221,APP018,2025-10-13,2025-10-21,3,Medium,Data,N,N,2.2
INC00222,APP024,2025-09-14,2025-09-15,4,Low,Performance,N,Y,2.4
INC00223,APP012,2025-10-05,2025-10-06,3,Low,Availability,N,Y,2.7
INC00224,APP026,2026-05-08,2026-05-09,2,Major,Data,N,N,11.0
INC00225,APP026,2025-08-21,2025-08-22,3,Medium,Integration,Y,N,1.2
INC00226,APP008,2025-07-07,2025-07-07,4,Medium,Performance,Y,N,0.4
INC00227,APP039,2025-07-07,2025-07-07,4,Medium,Integration,N,N,0.3
INC00228,APP009,2026-03-03,2026-03-16,4,Medium,Access,N,N,0.5
INC00229,APP004,2026-04-05,2026-04-26,3,Medium,Availability,Y,Y,1.6
INC00230,APP007,2026-03-19,2026-03-27,4,Medium,Availability,N,Y,0.7
INC00231,APP025,2025-09-14,2025-09-17,3,Medium,Security,N,N,2.7
INC00232,APP008,2026-03-09,2026-03-09,2,High,Availability,N,N,1.4
INC00233,APP022,2025-08-30,2025-08-31,3,Medium,Integration,N,Y,1.3
INC00234,APP022,2026-05-04,2026-05-07,2,High,Security,N,N,4.5
INC00235,APP007,2025-11-16,2025-11-21,4,Low,Change-related,Y,Y,2.6
INC00236,APP010,2026-06-01,2026-06-02,2,Low,Data,N,Y,1.8
INC00237,APP028,2025-11-20,2025-11-22,2,High,Performance,N,N,4.2
INC00238,APP028,2026-03-04,2026-03-12,3,Low,Performance,N,N,1.3
INC00239,APP032,2026-04-02,2026-04-23,3,Medium,Data,Y,N,2.1
INC00240,APP034,2026-04-22,2026-04-24,4,Medium,Performance,N,Y,0.6
INC00241,APP002,2026-01-02,2026-01-03,3,Medium,Availability,N,N,2.5
INC00242,APP009,2025-11-28,2025-12-19,3,Low,Performance,N,Y,0.2
INC00243,APP009,2025-08-30,2025-08-31,4,Low,Security,Y,N,2.9
INC00244,APP024,2025-07-28,2025-07-29,3,Low,Change-related,N,Y,0.4
INC00245,APP010,2025-08-10,2025-08-10,3,Low,Performance,N,N,2.2
INC00246,APP034,2025-12-01,2025-12-06,3,Low,Change-related,Y,N,0.3
INC00247,APP004,2026-05-25,2026-05-26,1,High,Availability,N,N,8.3
INC00248,APP030,2026-04-10,2026-04-13,3,Low,Security,N,N,2.8
INC00249,APP018,2025-08-17,2025-08-18,3,Medium,Data,Y,Y,1.2
INC00250,APP036,2026-05-06,2026-05-19,4,Low,Access,N,N,0.5
INC00251,APP024,2026-05-28,2026-05-31,3,Medium,Availability,Y,N,1.8
INC00252,APP022,2025-07-15,2025-07-16,2,Major,Availability,N,Y,9.2
INC00253,APP020,2025-10-05,2025-10-05,3,Medium,Access,Y,N,1.7
INC00254,APP037,2026-03-05,2026-03-07,1,Major,Access,Y,N,9.1
INC00255,APP026,2026-03-14,2026-03-17,2,Medium,Performance,Y,N,5.2
INC00256,APP033,2025-08-21,2025-08-22,3,Medium,Integration,N,N,1.8
INC00257,APP003,2025-11-26,2025-12-04,2,Low,Availability,Y,Y,10.7
INC00258,APP010,2025-09-21,2025-10-12,4,Low,Data,N,N,0.9
INC00259,APP040,2026-02-06,2026-02-14,1,Low,Performance,N,Y,11.5
INC00260,APP037,2026-05-18,2026-05-19,4,Medium,Performance,N,N,2.6
INC00261,APP006,2026-03-13,2026-03-15,2,High,Access,N,Y,3.7
INC00262,APP024,2025-12-28,2025-12-29,2,Low,Access,N,N,9.3
INC00263,APP029,2026-05-29,2026-05-30,4,Low,Availability,N,N,1.2
INC00264,APP040,2025-09-05,2025-09-26,3,Low,Access,Y,N,1.2
INC00265,APP029,2025-11-12,2025-11-12,4,Medium,Security,N,N,2.5
INC00266,APP001,2025-09-18,2025-09-21,4,Low,Performance,N,Y,0.7
INC00267,APP030,2025-08-17,2025-08-30,3,Low,Availability,Y,Y,2.2
INC00268,APP026,2026-02-07,2026-02-09,2,Major,Access,N,N,2.9
INC00269,APP031,2025-08-28,2025-08-28,3,Medium,Data,N,N,0.6
INC00270,APP037,2025-07-17,2025-07-25,4,Medium,Change-related,N,N,2.9
INC00271,APP014,2025-07-28,2025-07-28,2,Low,Access,N,Y,1.5
INC00272,APP005,2025-11-18,2025-11-21,3,Low,Change-related,N,N,0.6
INC00273,APP017,2025-10-03,2025-10-04,4,Low,Access,N,Y,0.6
INC00274,APP027,2026-03-04,2026-03-05,3,Low,Access,N,Y,1.7
INC00275,APP039,2025-10-10,2025-10-18,2,High,Access,N,Y,2.2
INC00276,APP030,2025-09-14,2025-09-19,3,Medium,Change-related,N,N,1.6
INC00277,APP001,2026-02-16,2026-02-17,4,Low,Security,Y,Y,0.7
INC00278,APP013,2026-02-01,2026-02-02,3,Low,Performance,N,Y,2.9
INC00279,APP037,2025-07-08,2025-07-13,3,Medium,Access,N,N,2.5
INC00280,APP008,2026-03-13,2026-03-26,3,Low,Data,N,N,2.5
INC00281,APP028,2026-03-25,2026-03-30,4,Medium,Performance,N,N,1.1
INC00282,APP036,2026-05-01,2026-05-04,2,Low,Access,N,N,8.6
INC00283,APP007,2025-08-14,2025-08-15,4,Medium,Security,Y,N,2.8
INC00284,APP007,2026-03-12,2026-04-02,4,Medium,Security,N,N,1.7
INC00285,APP003,2025-11-26,2025-11-28,4,Medium,Change-related,N,N,1.1
INC00286,APP013,2026-02-26,2026-03-03,4,Low,Data,N,Y,2.8
INC00287,APP015,2026-03-17,2026-03-20,3,Low,Change-related,N,N,0.7
INC00288,APP027,2025-07-17,2025-07-18,1,Medium,Change-related,N,N,2.5
INC00289,APP037,2026-02-06,2026-02-14,3,Medium,Integration,N,Y,2.4
INC00290,APP037,2026-02-05,2026-02-13,2,Low,Security,N,N,10.9
INC00291,APP034,2025-09-20,2025-09-21,3,Medium,Integration,Y,N,1.7
INC00292,APP026,2026-05-18,2026-06-08,4,Medium,Access,N,Y,0.3
INC00293,APP028,2025-07-06,2025-07-07,3,Medium,Integration,Y,N,1.1
INC00294,APP009,2026-02-18,2026-02-23,3,Medium,Performance,N,N,0.6
INC00295,APP016,2026-01-10,2026-01-10,4,Low,Availability,N,N,0.1
INC00296,APP038,2025-08-22,2025-08-27,2,Major,Availability,N,N,3.5
INC00297,APP012,2025-08-17,2025-08-19,2,High,Data,Y,N,9.6
INC00298,APP027,2025-08-07,2025-08-08,3,Medium,Security,N,N,2.7
INC00299,APP029,2025-09-21,2025-09-21,2,High,Security,Y,Y,11.7
INC00300,APP023,2026-03-05,2026-03-26,4,Medium,Performance,N,Y,0.6
INC00301,APP002,2026-04-01,2026-04-06,1,High,Performance,N,Y,10.8
INC00302,APP002,2025-12-15,2025-12-15,2,High,Access,N,N,2.8
INC00303,APP006,2025-12-26,2025-12-29,3,Low,Security,N,N,1.5
INC00304,APP026,2025-10-07,2025-10-09,3,Low,Data,Y,N,2.4
INC00305,APP038,2025-12-07,2025-12-08,2,Low,Data,N,N,7.4
INC00306,APP018,2025-12-11,2025-12-19,3,Low,Performance,N,N,2.7
INC00307,APP005,2026-02-16,2026-02-16,2,Medium,Integration,N,N,7.4
INC00308,APP034,2025-12-28,2025-12-29,3,Medium,Change-related,N,N,2.4
INC00309,APP023,2025-11-03,2025-11-11,2,Medium,Access,N,N,1.9
INC00310,APP021,2025-07-06,2025-07-08,3,Low,Integration,N,Y,1.7
INC00311,APP025,2025-11-23,2025-12-14,3,Medium,Availability,N,N,1.8
INC00312,APP005,2026-04-20,2026-04-28,4,Low,Access,N,Y,0.6
INC00313,APP032,2026-03-13,2026-03-15,1,Low,Availability,Y,N,2.5
INC00314,APP021,2026-04-29,2026-04-29,3,Low,Availability,Y,N,0.9
INC00315,APP026,2025-07-19,2025-08-09,4,Medium,Access,Y,Y,1.4
INC00316,APP027,2025-12-02,2025-12-07,3,Low,Availability,N,N,1.8
INC00317,APP026,2025-11-30,2025-12-13,3,Low,Change-related,Y,N,2.8
INC00318,APP007,2025-07-15,2025-07-15,2,High,Availability,N,N,3.1
INC00319,APP006,2025-10-06,2025-10-11,3,Medium,Security,Y,N,2.6
INC00320,APP003,2025-08-26,2025-08-28,1,Major,Access,N,N,3.6
INC00321,APP011,2025-09-09,2025-09-10,3,Medium,Access,N,N,2.7
INC00322,APP027,2026-05-23,2026-05-24,3,Medium,Integration,N,N,1.5
INC00323,APP018,2025-12-12,2025-12-25,4,Medium,Availability,N,N,2.1
INC00324,APP023,2026-04-12,2026-04-14,4,Medium,Security,Y,Y,2.9
INC00325,APP004,2025-10-17,2025-10-18,1,Low,Change-related,N,Y,6.1
INC00326,APP022,2025-10-15,2025-11-05,4,Low,Change-related,N,N,1.4
INC00327,APP010,2026-03-16,2026-03-17,2,High,Access,N,N,10.5
INC00328,APP033,2025-10-12,2025-10-14,4,Medium,Access,N,Y,2.1
INC00329,APP037,2026-05-28,2026-05-31,2,Major,Security,Y,Y,0.7
INC00330,APP030,2025-10-04,2025-10-17,3,Low,Access,N,Y,2.8
INC00331,APP006,2025-12-29,2025-12-30,3,Low,Integration,N,N,1.0
INC00332,APP029,2025-11-17,2025-11-17,3,Low,Security,N,Y,0.9
INC00333,APP026,2025-09-29,2025-10-20,3,Low,Integration,N,Y,2.0
INC00334,APP016,2025-08-26,2025-08-26,2,Major,Integration,N,Y,1.3
INC00335,APP007,2025-11-19,2025-11-24,2,Low,Data,N,Y,3.0
INC00336,APP018,2026-03-11,2026-03-12,2,Medium,Security,N,N,8.9
INC00337,APP007,2025-10-03,2025-10-16,3,Low,Change-related,N,Y,0.9
INC00338,APP005,2025-09-24,2025-09-27,2,High,Availability,N,N,4.3
INC00339,APP012,2025-11-13,2025-11-14,4,Medium,Integration,N,N,1.7
INC00340,APP032,2025-11-04,2025-11-04,3,Medium,Integration,N,Y,1.6
INC00341,APP011,2025-09-14,2025-09-15,4,Low,Change-related,N,N,1.5
INC00342,APP023,2026-04-06,2026-04-19,3,Low,Access,N,Y,2.5
INC00343,APP020,2025-12-18,2025-12-31,4,Medium,Access,Y,Y,2.9
INC00344,APP015,2026-06-03,2026-06-08,4,Low,Availability,N,N,2.2
INC00345,APP028,2026-01-01,2026-01-01,2,High,Data,Y,N,10.6
INC00346,APP035,2026-02-16,2026-03-09,4,Medium,Access,N,N,1.2
INC00347,APP027,2025-11-19,2025-11-19,3,Low,Change-related,Y,N,2.4
INC00348,APP037,2025-12-25,2025-12-25,3,Low,Security,N,N,2.0
INC00349,APP034,2025-11-26,2025-11-27,3,Low,Data,N,Y,2.4
INC00350,APP001,2026-02-18,2026-02-20,1,Major,Availability,N,N,0.6
INC00351,APP023,2026-06-04,2026-06-04,4,Low,Performance,N,N,2.4
INC00352,APP033,2026-06-06,2026-06-27,4,Medium,Availability,N,Y,3.0
INC00353,APP013,2026-02-07,2026-02-08,3,Low,Performance,Y,N,2.8
INC00354,APP016,2026-05-23,2026-05-31,3,Medium,Access,N,N,0.9
INC00355,APP037,2026-02-09,2026-02-14,3,Medium,Security,N,N,0.4
INC00356,APP036,2025-10-11,2025-10-12,3,Low,Integration,N,N,0.6
INC00357,APP028,2025-08-19,2025-08-22,2,Medium,Integration,N,N,4.6
INC00358,APP030,2026-02-01,2026-02-14,4,Medium,Integration,Y,N,0.3
INC00359,APP009,2026-05-11,2026-05-13,4,Low,Performance,N,Y,2.3
INC00360,APP026,2025-09-03,2025-09-03,3,Low,Change-related,N,Y,0.3
INC00361,APP018,2026-05-29,2026-06-03,2,Major,Change-related,N,N,8.4
INC00362,APP004,2025-09-01,2025-09-22,4,Medium,Security,N,N,0.4
INC00363,APP032,2025-09-08,2025-09-16,2,High,Access,N,Y,9.8
INC00364,APP040,2025-10-11,2025-10-11,2,High,Integration,Y,Y,3.3
INC00365,APP007,2026-02-28,2026-03-05,1,Low,Data,Y,Y,3.9
INC00366,APP031,2025-10-03,2025-10-24,4,Low,Change-related,N,N,1.9
INC00367,APP028,2025-09-13,2025-09-14,3,Medium,Change-related,N,Y,1.5
INC00368,APP035,2025-10-11,2025-10-14,3,Low,Security,Y,N,1.5
INC00369,APP018,2026-01-17,2026-01-18,3,Low,Data,N,Y,0.1
INC00370,APP030,2025-08-31,2025-08-31,3,Low,Availability,N,Y,2.7
INC00371,APP023,2025-09-10,2025-09-23,3,Low,Availability,N,N,1.5
INC00372,APP033,2025-10-16,2025-11-06,3,Low,Integration,Y,Y,2.0
INC00373,APP023,2026-06-01,2026-06-06,3,Low,Security,N,N,2.4
INC00374,APP020,2026-01-18,2026-01-26,2,Low,Data,N,Y,7.1
INC00375,APP033,2026-06-03,2026-06-04,3,Low,Integration,N,N,1.9
INC00376,APP026,2025-08-04,2025-08-12,1,High,Performance,Y,Y,6.2
INC00377,APP031,2025-12-13,2025-12-15,4,Medium,Performance,N,N,2.8
INC00378,APP004,2026-05-10,2026-05-10,3,Medium,Data,N,N,1.9
INC00379,APP002,2025-09-28,2025-10-11,3,Low,Performance,N,Y,0.8
INC00380,APP029,2025-11-24,2025-12-02,2,High,Data,N,Y,7.2
INC00381,APP007,2025-10-13,2025-10-14,1,Major,Access,N,Y,4.4
INC00382,APP034,2026-03-12,2026-03-13,2,Low,Integration,N,N,7.6
INC00383,APP036,2025-09-09,2025-09-22,4,Low,Security,N,Y,1.7
INC00384,APP009,2026-03-22,2026-03-23,3,Low,Performance,Y,N,1.6
INC00385,APP002,2025-10-23,2025-10-26,4,Low,Data,N,Y,2.6
INC00386,APP011,2025-11-25,2025-11-30,2,High,Change-related,N,N,7.6
INC00387,APP035,2025-08-26,2025-08-29,3,Medium,Availability,N,N,0.8
INC00388,APP022,2025-07-31,2025-08-05,2,Medium,Change-related,Y,Y,6.2
INC00389,APP037,2026-05-09,2026-05-09,3,Low,Availability,N,N,2.2
INC00390,APP006,2026-04-09,2026-04-10,3,Low,Security,Y,Y,0.1
INC00391,APP033,2025-10-24,2025-11-01,3,Low,Access,N,Y,2.8
INC00392,APP002,2025-10-09,2025-10-17,3,Medium,Integration,N,Y,1.2
INC00393,APP025,2025-09-03,2025-09-11,3,Medium,Availability,N,Y,2.7
INC00394,APP024,2025-12-28,2025-12-31,2,Major,Performance,N,Y,7.3
INC00395,APP015,2026-01-28,2026-02-18,4,Medium,Change-related,Y,N,0.7
INC00396,APP004,2025-08-09,2025-08-12,1,High,Access,Y,N,4.5
INC00397,APP016,2025-11-27,2025-11-30,2,Low,Security,Y,Y,1.4
INC00398,APP035,2025-10-14,2025-10-19,3,Medium,Data,N,N,2.3
INC00399,APP019,2026-05-31,2026-06-03,3,Low,Security,Y,Y,1.0
INC00400,APP027,2026-05-15,2026-05-16,3,Medium,Performance,N,N,2.2
INC00401,APP014,2025-09-01,2025-09-02,3,Medium,Performance,N,N,2.3
INC00402,APP008,2025-07-11,2025-07-11,3,Low,Access,N,N,2.5
INC00403,APP006,2025-07-31,2025-08-08,3,Low,Availability,N,N,1.3
INC00404,APP015,2025-10-14,2025-10-22,3,Medium,Security,N,Y,1.6
INC00405,APP023,2025-07-14,2025-07-19,4,Low,Change-related,N,Y,1.0
INC00406,APP040,2026-02-08,2026-02-08,4,Medium,Integration,N,N,2.8
INC00407,APP019,2026-03-31,2026-04-21,3,Low,Performance,N,N,2.2
INC00408,APP016,2025-09-06,2025-09-09,4,Low,Availability,N,N,0.9
INC00409,APP037,2026-01-19,2026-01-21,1,Medium,Access,N,Y,1.9
INC00410,APP037,2026-06-04,2026-06-07,3,Medium,Data,N,Y,1.3
INC00411,APP030,2025-07-19,2025-08-01,4,Medium,Data,Y,N,2.8
INC00412,APP018,2026-05-09,2026-05-10,3,Low,Performance,N,N,0.8
INC00413,APP032,2025-09-04,2025-09-05,2,High,Change-related,Y,Y,1.8
INC00414,APP003,2025-10-03,2025-10-16,3,Low,Availability,N,Y,2.9
INC00415,APP017,2025-11-09,2025-11-11,1,Major,Integration,N,N,1.8
INC00416,APP033,2026-02-13,2026-02-13,2,High,Performance,N,N,10.0
INC00417,APP027,2025-08-06,2025-08-09,3,Medium,Availability,N,N,2.4
INC00418,APP022,2026-01-25,2026-01-30,4,Low,Access,Y,Y,1.1
INC00419,APP019,2025-09-15,2025-09-15,4,Medium,Integration,N,N,1.5
INC00420,APP033,2026-04-24,2026-04-26,3,Low,Change-related,Y,N,2.2
INC00421,APP025,2026-05-29,2026-05-29,2,High,Integration,N,Y,10.2
INC00422,APP034,2025-07-27,2025-08-17,3,Low,Access,N,Y,2.5
INC00423,APP019,2025-11-02,2025-11-07,3,Medium,Data,N,N,2.9
INC00424,APP016,2026-02-13,2026-02-21,3,Low,Availability,N,N,1.5
INC00425,APP024,2026-05-31,2026-06-02,3,Low,Change-related,N,Y,1.7
INC00426,APP009,2026-04-02,2026-04-10,3,Medium,Integration,N,N,1.0
INC00427,APP008,2025-08-11,2025-09-01,3,Medium,Integration,N,N,2.6
INC00428,APP013,2025-10-01,2025-10-01,4,Medium,Availability,N,N,2.3
INC00429,APP031,2025-08-21,2025-08-21,2,Low,Availability,N,Y,2.0
INC00430,APP034,2026-01-15,2026-01-20,4,Medium,Data,N,N,0.9
INC00431,APP022,2025-12-20,2025-12-21,3,Medium,Availability,N,N,2.7
INC00432,APP029,2026-02-09,2026-02-22,3,Medium,Security,N,N,2.3
INC00433,APP033,2025-08-12,2025-08-12,2,Medium,Security,N,N,4.2
INC00434,APP012,2026-03-18,2026-03-21,3,Medium,Performance,N,N,1.0
INC00435,APP037,2026-03-23,2026-04-13,4,Low,Access,N,N,1.0
INC00436,APP012,2025-09-12,2025-09-20,1,High,Data,N,N,1.6
INC00437,APP019,2025-09-23,2025-09-25,2,Low,Data,N,Y,3.8
INC00438,APP017,2026-05-07,2026-05-09,4,Low,Performance,Y,Y,1.7
INC00439,APP033,2025-09-25,2025-09-25,1,High,Availability,N,Y,4.7
INC00440,APP019,2026-04-19,2026-05-02,3,Medium,Change-related,N,N,2.8
INC00441,APP008,2026-02-13,2026-02-26,4,Low,Availability,N,N,2.2
INC00442,APP008,2025-12-29,2025-12-31,4,Medium,Access,N,N,1.0
INC00443,APP030,2026-05-19,2026-05-20,3,Low,Availability,N,Y,2.8
INC00444,APP034,2025-12-10,2025-12-15,2,Major,Security,Y,Y,2.1
INC00445,APP025,2025-10-21,2025-10-24,3,Low,Performance,N,Y,2.2
INC00446,APP019,2025-09-06,2025-09-06,2,High,Availability,N,Y,6.1
INC00447,APP040,2025-10-15,2025-10-15,3,Low,Security,N,N,1.1
INC00448,APP038,2025-10-29,2025-11-11,3,Medium,Access,N,N,2.0
INC00449,APP032,2026-05-19,2026-05-24,3,Low,Access,Y,Y,0.3
INC00450,APP019,2026-01-31,2026-02-05,4,Medium,Security,N,Y,0.5
INC00451,APP021,2026-06-04,2026-06-12,2,Low,Security,N,N,10.2
INC00452,APP032,2026-05-04,2026-05-06,3,Medium,Access,N,N,0.6
INC00453,APP027,2025-08-01,2025-08-06,3,Low,Security,N,N,1.2
INC00454,APP029,2026-02-03,2026-02-03,3,Low,Data,N,N,1.9
INC00455,APP003,2025-12-05,2025-12-07,3,Medium,Integration,N,N,0.3
INC00456,APP040,2026-05-09,2026-05-30,3,Medium,Security,Y,N,0.3
INC00457,APP022,2025-12-28,2026-01-18,4,Medium,Security,Y,N,0.6
INC00458,APP035,2025-10-10,2025-10-31,4,Low,Change-related,N,N,2.4
INC00459,APP024,2025-12-17,2026-01-07,3,Medium,Availability,Y,Y,2.3
INC00460,APP034,2025-08-22,2025-09-04,3,Medium,Performance,N,N,0.1
INC00461,APP016,2025-07-18,2025-07-19,3,Low,Security,N,Y,2.5
INC00462,APP018,2025-08-13,2025-08-18,2,Low,Availability,Y,Y,1.6
INC00463,APP038,2026-01-17,2026-01-22,2,Medium,Change-related,N,N,6.4
INC00464,APP002,2025-12-02,2025-12-04,3,Medium,Access,N,N,0.9
INC00465,APP006,2025-10-22,2025-11-12,4,Low,Data,N,N,1.6
INC00466,APP016,2026-01-12,2026-01-15,1,Low,Access,Y,N,3.1
INC00467,APP002,2026-01-20,2026-02-02,4,Low,Data,Y,N,0.9
INC00468,APP010,2026-05-19,2026-05-20,4,Medium,Performance,N,N,0.7
INC00469,APP010,2026-01-23,2026-02-05,3,Medium,Availability,N,N,1.2
INC00470,APP022,2025-09-16,2025-09-24,1,Low,Change-related,Y,N,8.4
INC00471,APP036,2026-03-08,2026-03-13,3,Medium,Access,N,N,1.4
INC00472,APP036,2025-08-11,2025-08-19,4,Medium,Data,N,Y,0.5
INC00473,APP008,2025-09-24,2025-09-24,2,Major,Data,N,Y,7.7
INC00474,APP034,2026-03-07,2026-03-12,2,Low,Data,Y,N,1.9
INC00475,APP019,2025-11-16,2025-11-21,3,Medium,Performance,N,N,2.1
INC00476,APP040,2026-01-07,2026-01-10,3,Low,Data,N,N,2.8
INC00477,APP009,2025-09-23,2025-10-06,3,Medium,Access,N,Y,0.5
INC00478,APP005,2025-07-03,2025-07-05,3,Medium,Security,Y,N,1.4
INC00479,APP007,2025-08-01,2025-08-02,3,Medium,Access,N,N,1.9
INC00480,APP013,2025-11-18,2025-11-26,3,Low,Access,N,N,1.7
INC00481,APP013,2025-08-09,2025-08-10,3,Medium,Access,N,N,1.7
INC00482,APP009,2026-03-25,2026-04-02,3,Low,Integration,N,N,2.6
INC00483,APP031,2025-10-16,2025-10-17,2,High,Availability,N,Y,2.4
INC00484,APP001,2025-12-13,2025-12-13,2,High,Integration,N,N,8.1
INC00485,APP021,2025-12-02,2025-12-03,3,Medium,Integration,N,N,2.3
INC00486,APP031,2025-12-29,2026-01-19,3,Low,Integration,Y,N,2.5
INC00487,APP011,2026-05-21,2026-05-22,4,Low,Integration,N,N,2.1
INC00488,APP017,2025-08-31,2025-09-08,3,Low,Performance,Y,N,2.6
INC00489,APP023,2026-02-03,2026-02-08,2,High,Data,N,Y,11.2
INC00490,APP001,2025-10-09,2025-10-30,3,Medium,Availability,N,N,0.3
INC00491,APP024,2025-11-07,2025-11-07,3,Low,Availability,N,N,1.4
INC00492,APP003,2025-11-07,2025-11-07,3,Medium,Change-related,N,N,1.9
INC00493,APP032,2025-09-27,2025-10-18,3,Medium,Availability,N,Y,1.8
INC00494,APP010,2025-09-29,2025-09-30,4,Medium,Data,Y,Y,1.3
INC00495,APP004,2025-12-08,2025-12-13,2,Medium,Change-related,N,Y,4.3
INC00496,APP021,2025-09-25,2025-09-30,4,Medium,Security,N,N,2.5
INC00497,APP004,2025-08-03,2025-08-08,2,High,Security,N,Y,2.5
INC00498,APP003,2025-11-19,2025-12-10,3,Low,Performance,Y,N,0.8
INC00499,APP023,2025-08-30,2025-08-31,3,Low,Availability,Y,Y,0.5
INC00500,APP006,2025-10-04,2025-10-04,3,Medium,Change-related,Y,Y,1.9
INC00501,APP030,2025-08-11,2025-08-13,4,Low,Change-related,N,N,2.3
INC00502,APP009,2025-12-06,2025-12-14,1,Medium,Performance,N,Y,7.0
INC00503,APP027,2025-10-24,2025-10-27,4,Medium,Performance,N,N,2.1
INC00504,APP017,2025-08-17,2025-08-22,3,Low,Change-related,N,N,2.1
INC00505,APP011,2025-07-19,2025-07-27,4,Medium,Integration,N,N,1.3
INC00506,APP019,2025-10-15,2025-11-05,3,Low,Availability,N,N,0.7
INC00507,APP017,2025-07-17,2025-08-07,4,Medium,Data,N,N,1.8
INC00508,APP024,2026-04-15,2026-04-15,3,Low,Security,Y,N,1.1
INC00509,APP001,2025-09-20,2025-09-25,3,Low,Security,Y,Y,2.7
INC00510,APP020,2025-09-22,2025-09-23,3,Medium,Data,N,N,1.7
INC00511,APP028,2026-01-21,2026-01-23,3,Low,Security,N,N,1.0
INC00512,APP026,2025-12-01,2025-12-02,1,Major,Data,N,N,11.5
INC00513,APP026,2026-04-30,2026-05-05,1,High,Access,N,Y,2.0
INC00514,APP022,2025-07-28,2025-07-31,4,Medium,Change-related,N,N,1.2
INC00515,APP030,2025-07-01,2025-07-03,3,Medium,Access,N,Y,0.6
INC00516,APP014,2026-02-09,2026-02-10,2,High,Security,N,Y,6.0
INC00517,APP023,2025-08-21,2025-08-29,3,Medium,Data,N,N,2.1
INC00518,APP007,2026-01-15,2026-01-16,2,Low,Change-related,N,N,9.9
INC00519,APP028,2026-05-02,2026-05-03,3,Low,Data,Y,Y,2.7
INC00520,APP012,2025-10-29,2025-11-03,3,Medium,Integration,N,Y,1.9
INC00521,APP009,2026-03-13,2026-03-14,2,Medium,Data,Y,N,4.9
INC00522,APP012,2026-02-03,2026-02-05,2,Low,Security,N,Y,3.5
INC00523,APP027,2025-09-30,2025-10-08,2,Major,Data,Y,N,8.4
INC00524,APP007,2026-06-01,2026-06-01,4,Medium,Access,N,N,1.5
INC00525,APP030,2025-07-06,2025-07-14,3,Low,Change-related,Y,N,1.3
INC00526,APP008,2026-05-06,2026-05-19,4,Low,Change-related,N,N,1.0
INC00527,APP035,2026-01-03,2026-01-04,2,Low,Integration,N,Y,2.2
INC00528,APP022,2026-04-29,2026-05-20,3,Low,Data,Y,N,0.8
INC00529,APP008,2026-03-08,2026-03-08,3,Low,Access,N,N,2.0
INC00530,APP002,2026-04-04,2026-04-07,3,Low,Data,Y,N,1.0
INC00531,APP003,2026-05-02,2026-05-10,2,Major,Integration,N,Y,2.5
INC00532,APP035,2025-08-18,2025-08-19,2,Low,Data,N,N,11.7
INC00533,APP040,2025-11-02,2025-11-23,4,Low,Availability,Y,N,1.1
INC00534,APP010,2026-05-08,2026-05-09,4,Low,Integration,Y,N,2.8
INC00535,APP020,2026-02-02,2026-02-03,3,Low,Security,Y,N,2.9
INC00536,APP013,2026-04-19,2026-04-22,3,Medium,Security,Y,N,1.7
INC00537,APP014,2026-02-09,2026-02-10,3,Low,Integration,Y,N,1.2
INC00538,APP012,2025-11-23,2025-12-01,3,Medium,Availability,N,N,0.4
INC00539,APP018,2026-02-22,2026-02-27,3,Medium,Performance,N,Y,2.1
INC00540,APP015,2025-08-02,2025-08-15,3,Low,Security,N,N,1.2
INC00541,APP036,2025-07-07,2025-07-12,3,Low,Change-related,N,Y,1.4
INC00542,APP032,2025-10-16,2025-10-17,3,Low,Access,N,Y,2.0
INC00543,APP037,2025-08-10,2025-08-31,3,Low,Availability,N,N,3.0
INC00544,APP024,2025-12-03,2025-12-08,3,Low,Security,N,Y,0.5
INC00545,APP038,2025-09-24,2025-10-02,3,Low,Change-related,Y,N,1.7
INC00546,APP032,2025-10-29,2025-11-19,3,Medium,Data,Y,Y,1.2
INC00547,APP014,2025-08-26,2025-08-27,3,Medium,Change-related,N,N,1.2
INC00548,APP014,2026-01-31,2026-02-03,4,Low,Change-related,N,N,0.3
INC00549,APP021,2026-03-15,2026-03-23,3,Medium,Change-related,N,N,2.3
INC00550,APP019,2026-02-16,2026-02-17,2,Low,Access,Y,N,9.3
INC00551,APP012,2025-08-20,2025-08-28,3,Low,Data,N,N,0.1
INC00552,APP015,2025-09-09,2025-09-30,3,Medium,Integration,N,Y,1.0
INC00553,APP016,2025-09-24,2025-10-07,3,Medium,Access,Y,N,1.8
INC00554,APP025,2026-04-09,2026-04-11,3,Medium,Data,N,N,2.6
INC00555,APP012,2026-02-27,2026-03-01,4,Low,Performance,N,Y,2.7
INC00556,APP014,2026-04-22,2026-04-24,3,Low,Performance,N,N,1.5
INC00557,APP008,2026-05-06,2026-05-07,4,Medium,Data,Y,Y,2.2
INC00558,APP027,2026-03-24,2026-04-01,4,Medium,Change-related,N,N,2.7
INC00559,APP035,2025-08-31,2025-09-21,3,Medium,Data,N,N,0.2
INC00560,APP026,2025-07-21,2025-08-11,3,Low,Data,Y,Y,0.4
INC00561,APP017,2026-04-23,2026-04-24,4,Medium,Access,N,N,1.0
INC00562,APP016,2026-03-05,2026-03-05,2,Medium,Security,Y,N,10.8
INC00563,APP032,2025-11-03,2025-11-08,4,Low,Security,N,N,2.4
INC00564,APP017,2026-04-17,2026-04-17,3,Medium,Performance,N,Y,0.7
INC00565,APP024,2026-04-15,2026-04-18,3,Low,Security,N,N,1.9
INC00566,APP031,2026-02-11,2026-02-12,3,Medium,Performance,N,N,0.8
INC00567,APP015,2025-07-15,2025-07-18,4,Medium,Integration,Y,N,1.1
INC00568,APP033,2026-03-22,2026-03-23,3,Low,Security,N,N,2.6
INC00569,APP021,2026-03-25,2026-04-07,3,Medium,Change-related,N,Y,1.5
INC00570,APP025,2025-07-08,2025-07-09,3,Low,Performance,N,Y,0.7
INC00571,APP018,2026-05-08,2026-05-09,4,Medium,Access,N,N,1.7
INC00572,APP001,2026-03-26,2026-03-28,4,Low,Security,Y,N,1.9
INC00573,APP022,2026-03-17,2026-03-22,2,Major,Change-related,Y,N,7.0
INC00574,APP016,2025-11-03,2025-11-04,3,Medium,Performance,N,Y,0.1
INC00575,APP039,2025-11-14,2025-11-15,3,Medium,Security,Y,Y,1.6
INC00576,APP004,2025-10-15,2025-10-20,2,Low,Data,Y,Y,4.2
INC00577,APP005,2025-10-09,2025-10-22,3,Medium,Data,N,Y,1.6
INC00578,APP014,2026-05-03,2026-05-03,3,Low,Change-related,Y,N,2.7
INC00579,APP013,2026-04-28,2026-05-11,4,Medium,Access,N,N,0.8
INC00580,APP012,2025-12-16,2026-01-06,3,Low,Security,N,N,2.6
INC00581,APP016,2025-12-22,2026-01-12,3,Low,Security,N,Y,2.9
INC00582,APP012,2026-03-07,2026-03-12,1,Low,Data,N,Y,1.3
INC00583,APP028,2025-12-03,2025-12-06,2,Medium,Security,N,Y,9.5
INC00584,APP015,2025-10-18,2025-10-21,3,Low,Change-related,N,Y,2.1
INC00585,APP040,2025-10-16,2025-10-17,3,Low,Performance,N,N,2.4
INC00586,APP011,2026-05-09,2026-05-14,3,Low,Security,N,N,0.8
INC00587,APP017,2026-02-27,2026-03-02,4,Low,Performance,N,N,2.2
INC00588,APP021,2026-02-16,2026-02-24,3,Low,Availability,N,Y,2.9
INC00589,APP023,2026-05-27,2026-06-09,4,Low,Availability,N,Y,2.0
INC00590,APP017,2025-11-28,2025-11-28,4,Low,Data,N,N,1.7
INC00591,APP013,2025-10-19,2025-11-01,3,Low,Availability,Y,Y,0.5
INC00592,APP031,2026-04-30,2026-04-30,3,Low,Security,N,Y,0.8
INC00593,APP039,2026-04-27,2026-04-28,3,Medium,Security,N,N,1.6
INC00594,APP029,2025-11-23,2025-11-24,2,Major,Access,N,Y,10.6
INC00595,APP038,2025-12-01,2025-12-22,3,Medium,Data,N,N,1.7
INC00596,APP017,2026-04-12,2026-04-15,3,Medium,Performance,Y,N,2.1
INC00597,APP021,2026-01-01,2026-01-14,4,Medium,Performance,N,N,0.7
INC00598,APP024,2025-12-18,2025-12-26,2,Medium,Access,Y,Y,1.9
INC00599,APP027,2026-02-04,2026-02-17,3,Medium,Change-related,Y,N,1.1
INC00600,APP037,2026-02-09,2026-03-02,4,Low,Change-related,N,N,1.7
INC00601,APP005,2025-08-08,2025-08-29,3,Medium,Integration,N,N,2.5
INC00602,APP006,2026-04-20,2026-04-22,4,Medium,Change-related,N,N,1.4
INC00603,APP010,2026-05-30,2026-05-31,3,Low,Data,N,Y,1.2
INC00604,APP019,2025-07-04,2025-07-12,3,Medium,Availability,N,N,1.3
INC00605,APP017,2025-10-23,2025-10-28,3,Low,Security,N,N,2.8
INC00606,APP037,2025-09-17,2025-09-18,2,High,Access,N,Y,0.8
INC00607,APP039,2025-07-21,2025-08-11,4,Low,Availability,N,N,2.8
INC00608,APP014,2025-10-12,2025-10-20,3,Low,Performance,N,N,0.1
INC00609,APP029,2025-09-02,2025-09-10,4,Medium,Data,N,N,0.1
INC00610,APP029,2026-01-21,2026-01-24,2,Major,Availability,N,Y,2.4
INC00611,APP014,2025-08-31,2025-09-05,4,Low,Data,N,Y,3.0
INC00612,APP033,2026-01-01,2026-01-22,3,Medium,Data,Y,Y,1.1
INC00613,APP027,2026-01-21,2026-01-22,4,Low,Access,N,Y,1.3
INC00614,APP020,2025-10-26,2025-10-27,4,Low,Data,Y,N,2.2
INC00615,APP021,2025-07-24,2025-07-25,2,High,Integration,Y,Y,6.5
INC00616,APP009,2026-02-26,2026-02-26,4,Medium,Change-related,N,N,1.9
INC00617,APP011,2026-01-31,2026-02-05,2,High,Security,N,N,10.6
INC00618,APP008,2025-09-22,2025-09-23,1,Medium,Data,N,N,7.7
INC00619,APP002,2025-07-14,2025-07-27,3,Medium,Security,N,N,0.1
INC00620,APP025,2026-05-03,2026-05-04,3,Medium,Availability,Y,N,2.7
INC00621,APP006,2026-01-31,2026-02-01,4,Low,Data,N,N,1.3
INC00622,APP039,2026-05-23,2026-05-26,1,Low,Access,N,N,8.0
INC00623,APP024,2026-05-11,2026-05-12,3,Low,Data,N,Y,0.7
INC00624,APP009,2025-09-12,2025-09-12,2,Major,Security,N,N,10.7
INC00625,APP007,2025-11-05,2025-11-06,2,Medium,Access,N,N,9.2
INC00626,APP009,2025-12-15,2025-12-16,3,Medium,Security,N,N,0.1
INC00627,APP013,2025-10-02,2025-10-10,1,Major,Change-related,N,Y,5.1
INC00628,APP001,2026-04-19,2026-04-24,3,Medium,Security,N,N,3.0
INC00629,APP030,2026-05-15,2026-05-28,3,Medium,Security,N,N,2.3
INC00630,APP022,2025-12-20,2025-12-21,4,Low,Access,N,N,1.4
INC00631,APP007,2025-12-23,2025-12-26,4,Medium,Change-related,N,N,1.9
INC00632,APP035,2025-09-03,2025-09-06,2,Major,Availability,N,Y,10.5
INC00633,APP020,2026-02-17,2026-02-18,3,Medium,Data,N,Y,2.5
INC00634,APP015,2025-07-09,2025-07-17,2,Medium,Integration,N,Y,9.7
INC00635,APP024,2026-04-03,2026-04-08,2,High,Access,N,Y,8.3
INC00636,APP040,2025-10-24,2025-10-25,4,Low,Change-related,N,N,0.1
INC00637,APP026,2025-11-29,2025-12-20,3,Low,Data,N,N,0.4
INC00638,APP020,2025-07-01,2025-07-09,2,Medium,Performance,Y,Y,9.2
INC00639,APP009,2025-09-12,2025-09-13,3,Medium,Data,N,N,1.3
INC00640,APP038,2025-10-08,2025-10-13,3,Medium,Performance,N,Y,2.7
INC00641,APP008,2026-04-26,2026-04-27,4,Medium,Data,N,N,0.8
INC00642,APP021,2025-07-06,2025-07-27,3,Low,Integration,Y,N,1.8
INC00643,APP015,2026-06-04,2026-06-05,3,Low,Performance,Y,N,1.0
INC00644,APP018,2025-07-21,2025-07-24,3,Medium,Security,N,N,1.8
INC00645,APP032,2025-11-27,2025-11-27,2,Major,Security,N,Y,10.5
INC00646,APP032,2026-02-07,2026-02-08,3,Low,Change-related,N,N,1.9
INC00647,APP022,2026-01-31,2026-02-03,3,Low,Availability,Y,Y,2.1
INC00648,APP032,2025-11-02,2025-11-04,3,Low,Security,N,Y,3.0
INC00649,APP032,2026-04-14,2026-04-22,3,Low,Availability,Y,N,2.5
INC00650,APP007,2026-04-21,2026-04-22,2,Medium,Integration,N,N,8.8
INC00651,APP003,2025-12-25,2026-01-07,3,Low,Integration,Y,N,2.4
INC00652,APP028,2025-07-14,2025-07-15,2,Major,Security,N,Y,3.9
INC00653,APP027,2025-07-15,2025-07-18,3,Low,Change-related,N,N,2.9
INC00654,APP016,2025-11-19,2025-11-19,3,Low,Data,N,Y,0.6
INC00655,APP036,2026-05-28,2026-06-05,3,Low,Change-related,N,N,2.6
INC00656,APP022,2025-12-28,2025-12-30,3,Low,Change-related,N,Y,2.7
INC00657,APP006,2026-05-24,2026-06-06,3,Medium,Change-related,N,Y,0.8
INC00658,APP032,2025-12-27,2026-01-09,3,Low,Change-related,N,Y,1.0
INC00659,APP008,2025-10-06,2025-10-27,3,Low,Change-related,N,N,1.9
INC00660,APP005,2025-10-10,2025-10-18,2,Low,Change-related,N,Y,8.7
INC00661,APP035,2025-12-29,2026-01-06,3,Medium,Change-related,N,N,1.7
INC00662,APP006,2025-12-13,2025-12-26,4,Medium,Performance,N,N,3.0
INC00663,APP002,2026-03-11,2026-03-19,2,High,Performance,N,N,8.0
INC00664,APP014,2025-09-13,2025-09-14,1,Major,Change-related,N,N,5.3
INC00665,APP036,2026-04-17,2026-04-18,2,Low,Security,N,N,8.6
INC00666,APP024,2025-11-12,2025-11-17,3,Medium,Access,N,Y,2.9
INC00667,APP009,2025-12-12,2025-12-14,4,Medium,Availability,N,N,0.9
INC00668,APP039,2025-10-25,2025-11-15,3,Medium,Data,N,N,2.5
INC00669,APP030,2026-05-13,2026-05-21,3,Medium,Performance,Y,N,1.3
INC00670,APP004,2025-12-25,2025-12-26,3,Medium,Security,N,Y,2.9
INC00671,APP018,2026-04-18,2026-04-18,3,Low,Data,N,N,0.6
INC00672,APP029,2025-12-06,2025-12-09,3,Low,Performance,N,Y,2.3
INC00673,APP038,2025-12-09,2025-12-09,4,Low,Integration,Y,Y,1.8
INC00674,APP034,2026-01-28,2026-01-30,3,Medium,Integration,N,Y,0.1
INC00675,APP032,2025-08-31,2025-09-01,3,Low,Integration,N,N,1.1
INC00676,APP031,2025-09-09,2025-09-10,4,Medium,Access,N,Y,2.1
INC00677,APP017,2026-03-13,2026-03-15,2,Low,Performance,N,N,11.8
INC00678,APP006,2025-12-21,2025-12-22,3,Low,Availability,Y,N,0.2
INC00679,APP024,2025-08-18,2025-08-23,2,Major,Availability,N,N,4.0
INC00680,APP037,2026-04-15,2026-04-16,3,Medium,Performance,N,Y,1.6
INC00681,APP023,2025-08-19,2025-08-20,4,Low,Integration,N,N,2.1
INC00682,APP012,2026-03-17,2026-03-20,2,Major,Integration,Y,Y,9.8
INC00683,APP020,2025-11-27,2025-12-05,2,High,Integration,N,Y,6.2
INC00684,APP039,2025-09-18,2025-09-23,4,Low,Security,N,N,2.8
INC00685,APP036,2025-08-03,2025-08-08,3,Medium,Performance,N,Y,2.4
INC00686,APP003,2025-12-31,2026-01-03,1,Major,Change-related,Y,N,11.0
INC00687,APP037,2026-04-21,2026-05-12,3,Low,Change-related,N,N,1.0
INC00688,APP029,2025-10-10,2025-10-18,3,Low,Data,N,Y,1.5
INC00689,APP032,2025-08-23,2025-09-05,3,Low,Access,N,N,2.3
INC00690,APP004,2026-03-28,2026-03-30,4,Medium,Access,N,N,0.9
INC00691,APP004,2026-03-31,2026-04-02,1,Low,Performance,N,Y,10.0
INC00692,APP028,2026-03-18,2026-03-19,3,Low,Security,Y,Y,0.3
INC00693,APP012,2025-10-22,2025-10-23,3,Medium,Data,N,N,1.9
INC00694,APP001,2025-07-24,2025-07-26,4,Medium,Access,Y,Y,2.0
INC00695,APP022,2025-09-29,2025-10-01,4,Low,Change-related,N,Y,0.5
INC00696,APP039,2025-11-04,2025-11-07,3,Low,Security,N,Y,2.8
INC00697,APP018,2026-01-26,2026-02-03,3,Low,Data,N,Y,2.5
INC00698,APP032,2025-11-07,2025-11-15,3,Medium,Security,N,Y,2.0
INC00699,APP015,2025-08-06,2025-08-07,3,Medium,Change-related,N,Y,0.6
INC00700,APP021,2025-09-24,2025-09-27,4,Low,Access,N,N,2.6
INC00701,APP017,2025-08-25,2025-09-02,4,Medium,Availability,N,Y,0.4
INC00702,APP003,2026-02-26,2026-02-27,3,Medium,Availability,N,Y,0.3
INC00703,APP005,2025-11-01,2025-11-06,3,Low,Security,N,N,1.8
INC00704,APP003,2026-06-05,2026-06-07,4,Medium,Security,N,Y,1.7
INC00705,APP010,2025-12-22,2025-12-25,4,Medium,Access,N,Y,2.7
INC00706,APP004,2026-01-17,2026-01-20,3,Medium,Performance,N,N,0.6
INC00707,APP029,2025-07-13,2025-07-14,4,Medium,Integration,N,N,0.5
INC00708,APP036,2025-12-10,2025-12-18,1,Major,Data,Y,Y,8.8
INC00709,APP021,2026-01-06,2026-01-06,1,High,Availability,N,Y,7.0
INC00710,APP025,2026-04-17,2026-04-18,2,Major,Integration,Y,Y,8.0
INC00711,APP031,2026-04-19,2026-04-22,3,Low,Data,N,N,1.5
INC00712,APP017,2025-12-24,2026-01-06,4,Low,Performance,N,N,2.6
INC00713,APP015,2025-09-12,2025-09-13,3,Low,Access,N,N,2.2
INC00714,APP028,2025-12-01,2025-12-04,2,Low,Security,N,N,1.9
INC00715,APP023,2025-10-15,2025-10-23,4,Low,Data,N,N,2.9
INC00716,APP030,2026-01-03,2026-01-11,3,Medium,Security,N,Y,0.7
INC00717,APP013,2026-04-18,2026-04-26,2,Medium,Data,N,N,7.9
INC00718,APP014,2026-01-18,2026-01-18,2,Low,Access,N,Y,2.8
INC00719,APP022,2026-04-09,2026-04-17,4,Low,Performance,N,Y,2.1
INC00720,APP025,2026-04-17,2026-04-20,3,Medium,Security,N,N,2.3
INC00721,APP013,2025-09-16,2025-09-29,3,Medium,Change-related,N,N,0.9
INC00722,APP040,2026-03-29,2026-03-29,3,Medium,Change-related,Y,Y,0.1
INC00723,APP004,2025-12-17,2025-12-22,4,Low,Performance,N,Y,0.9
INC00724,APP005,2026-01-02,2026-01-07,3,Low,Data,N,N,0.5
INC00725,APP020,2025-08-21,2025-08-22,4,Medium,Performance,N,Y,1.6
INC00726,APP040,2026-01-26,2026-01-31,2,Low,Security,N,Y,11.7
INC00727,APP010,2026-02-13,2026-02-13,2,High,Data,N,N,6.0
INC00728,APP002,2026-04-27,2026-05-02,3,Low,Integration,N,N,2.7
INC00729,APP032,2026-04-17,2026-04-22,3,Medium,Access,Y,Y,0.4
INC00730,APP020,2026-01-18,2026-01-19,4,Medium,Security,N,N,2.1
INC00731,APP006,2025-12-29,2026-01-11,3,Medium,Integration,N,Y,1.1
INC00732,APP017,2025-10-07,2025-10-28,3,Medium,Data,N,Y,0.2
INC00733,APP016,2025-12-04,2025-12-12,3,Low,Availability,N,N,3.0
INC00734,APP030,2026-06-03,2026-06-08,2,Major,Performance,Y,Y,4.0
INC00735,APP013,2026-02-26,2026-02-26,3,Low,Security,N,N,1.1
INC00736,APP033,2026-02-03,2026-02-08,3,Medium,Access,N,N,0.6
INC00737,APP019,2025-11-14,2025-11-17,2,Major,Change-related,N,Y,0.8
INC00738,APP009,2025-08-24,2025-08-25,3,Low,Availability,N,N,2.4
INC00739,APP006,2025-08-08,2025-08-08,1,Medium,Change-related,Y,Y,7.2
INC00740,APP030,2026-05-20,2026-05-21,4,Medium,Availability,N,Y,2.8
INC00741,APP006,2025-10-04,2025-10-04,2,Major,Data,N,Y,1.1
INC00742,APP006,2026-01-15,2026-02-05,3,Medium,Data,N,N,3.0
INC00743,APP039,2025-10-04,2025-10-04,3,Low,Performance,Y,Y,0.5
INC00744,APP013,2025-11-12,2025-11-17,2,High,Security,Y,Y,2.7
INC00745,APP021,2025-10-25,2025-11-02,2,Medium,Integration,N,N,3.0
INC00746,APP017,2025-12-24,2026-01-14,3,Medium,Security,N,N,2.3
INC00747,APP005,2025-08-01,2025-08-03,2,Major,Integration,N,Y,8.3
INC00748,APP029,2025-07-07,2025-07-08,4,Low,Integration,N,N,2.0
INC00749,APP005,2026-04-18,2026-04-23,3,Low,Access,N,N,1.5
INC00750,APP032,2025-12-08,2025-12-10,3,Medium,Integration,N,Y,2.1
INC00751,APP027,2026-02-24,2026-03-01,4,Low,Data,N,N,0.5
INC00752,APP025,2026-01-31,2026-02-01,4,Low,Data,N,N,1.1
INC00753,APP028,2026-06-04,2026-06-05,4,Medium,Performance,Y,Y,1.2
INC00754,APP010,2025-11-16,2025-11-16,3,Low,Data,N,N,2.5
INC00755,APP036,2025-11-20,2025-11-23,2,Low,Data,N,Y,6.1
INC00756,APP004,2025-12-28,2025-12-29,4,Low,Security,N,N,0.9
INC00757,APP016,2026-03-23,2026-03-25,4,Low,Data,Y,N,1.9
INC00758,APP022,2026-05-19,2026-05-27,3,Medium,Integration,N,N,0.8
INC00759,APP024,2025-09-04,2025-09-17,3,Medium,Availability,N,N,1.3
INC00760,APP014,2025-12-15,2025-12-20,3,Low,Change-related,N,N,1.0
INC00761,APP022,2025-10-08,2025-10-13,4,Medium,Security,N,Y,1.5
INC00762,APP031,2025-07-10,2025-07-11,3,Low,Change-related,N,N,1.0
INC00763,APP034,2026-03-09,2026-03-12,3,Medium,Data,N,Y,2.4
INC00764,APP018,2025-09-12,2025-09-12,3,Low,Performance,N,N,0.0
INC00765,APP023,2026-05-14,2026-05-15,3,Low,Access,N,N,1.8
INC00766,APP035,2025-10-11,2025-10-13,4,Medium,Access,Y,N,2.7
INC00767,APP034,2026-03-16,2026-03-24,3,Low,Security,Y,N,0.8
INC00768,APP010,2025-11-29,2025-12-07,1,Low,Availability,N,N,9.4
INC00769,APP010,2026-02-14,2026-03-07,3,Medium,Integration,N,N,0.3
INC00770,APP018,2026-02-19,2026-03-04,3,Low,Performance,N,N,2.9
INC00771,APP008,2025-07-27,2025-08-17,4,Low,Access,N,N,2.5
INC00772,APP025,2026-04-08,2026-04-11,1,Medium,Data,N,N,7.6
INC00773,APP003,2026-05-26,2026-05-26,3,Medium,Security,N,N,0.2
INC00774,APP005,2025-09-10,2025-09-15,2,High,Security,N,Y,9.2
INC00775,APP023,2025-12-21,2025-12-23,2,Major,Data,N,Y,6.5
INC00776,APP026,2025-09-18,2025-09-19,3,Medium,Data,N,Y,2.3
INC00777,APP017,2025-10-25,2025-11-02,2,Major,Availability,N,N,1.0
INC00778,APP015,2025-10-28,2025-10-29,4,Low,Access,N,N,2.0
INC00779,APP002,2026-03-19,2026-04-01,4,Medium,Security,N,N,0.2
INC00780,APP013,2026-04-28,2026-04-29,1,Low,Availability,N,Y,7.2
INC00781,APP024,2026-03-18,2026-03-19,4,Low,Performance,N,N,0.0
INC00782,APP040,2025-11-22,2025-11-27,3,Low,Performance,N,N,0.8
INC00783,APP013,2025-12-15,2025-12-23,4,Medium,Security,N,N,0.1
INC00784,APP039,2026-05-30,2026-06-07,3,Medium,Performance,Y,Y,1.2
INC00785,APP007,2025-10-14,2025-10-19,2,Medium,Change-related,N,N,4.7
INC00786,APP004,2026-05-28,2026-05-31,3,Medium,Integration,Y,N,0.0
INC00787,APP012,2025-12-18,2025-12-26,2,Low,Security,N,N,11.8
INC00788,APP039,2025-09-23,2025-10-06,4,Low,Change-related,N,Y,1.8
INC00789,APP001,2025-07-16,2025-07-16,3,Low,Availability,N,N,1.1
INC00790,APP037,2025-09-20,2025-09-22,2,High,Security,N,N,9.0
INC00791,APP024,2025-08-08,2025-08-08,3,Low,Change-related,Y,Y,0.9
INC00792,APP017,2026-02-19,2026-02-21,4,Medium,Security,Y,N,0.5
INC00793,APP008,2025-08-14,2025-08-27,3,Low,Access,Y,N,1.7
INC00794,APP005,2025-09-17,2025-09-20,2,Low,Availability,Y,N,5.5
INC00795,APP030,2026-01-28,2026-01-28,2,Major,Security,Y,N,8.7
INC00796,APP031,2025-10-12,2025-10-12,4,Low,Change-related,N,Y,2.1
INC00797,APP001,2026-05-29,2026-06-03,1,Low,Integration,N,Y,8.7
INC00798,APP004,2025-11-24,2025-11-29,3,Low,Change-related,N,N,0.5
INC00799,APP024,2026-04-09,2026-04-14,3,Low,Data,N,N,1.2
INC00800,APP030,2025-12-25,2025-12-26,4,Low,Security,N,N,2.9
INC00801,APP006,2026-05-05,2026-05-06,3,Low,Access,N,N,2.3
INC00802,APP011,2025-07-22,2025-07-23,3,Low,Integration,N,N,0.4
INC00803,APP014,2026-01-19,2026-01-22,2,Major,Integration,Y,Y,7.1
INC00804,APP017,2026-04-08,2026-04-09,3,Medium,Security,N,N,0.4
INC00805,APP024,2026-04-07,2026-04-28,4,Low,Performance,N,N,1.2
INC00806,APP007,2025-10-24,2025-11-06,3,Medium,Change-related,N,N,0.0
INC00807,APP033,2025-08-25,2025-08-26,3,Low,Performance,N,N,2.5
INC00808,APP035,2026-05-23,2026-05-24,2,Major,Availability,Y,N,1.9
INC00809,APP012,2025-08-06,2025-08-09,2,Major,Data,N,N,0.6
INC00810,APP039,2025-12-01,2025-12-06,3,Medium,Access,N,N,1.8
INC00811,APP031,2026-05-22,2026-05-22,3,Low,Availability,N,N,1.1
INC00812,APP017,2026-02-28,2026-03-08,4,Medium,Data,N,N,1.5
INC00813,APP002,2026-01-11,2026-01-14,1,Major,Data,N,Y,1.5
INC00814,APP007,2026-02-18,2026-02-23,3,Medium,Integration,N,Y,1.0
INC00815,APP036,2026-02-17,2026-02-20,2,Major,Availability,N,Y,11.3
INC00816,APP029,2025-08-05,2025-08-18,3,Low,Security,N,N,2.0
INC00817,APP004,2025-11-07,2025-11-28,3,Low,Performance,N,N,2.6
INC00818,APP003,2025-11-26,2025-12-04,3,Medium,Security,N,Y,0.6
INC00819,APP032,2025-11-05,2025-11-13,1,High,Change-related,N,Y,4.0
INC00820,APP015,2025-12-22,2026-01-04,4,Medium,Security,N,N,2.8
INC00821,APP008,2025-08-21,2025-08-22,2,Major,Data,N,N,9.6
INC00822,APP028,2025-07-11,2025-07-16,3,Medium,Data,N,Y,0.8
INC00823,APP036,2026-02-02,2026-02-02,2,Medium,Security,N,N,5.1
INC00824,APP016,2025-09-09,2025-09-10,2,Major,Integration,N,Y,5.6
INC00825,APP035,2026-01-08,2026-01-21,3,Medium,Change-related,N,N,1.2
INC00826,APP036,2025-07-21,2025-07-22,2,Medium,Performance,N,Y,4.8
INC00827,APP033,2025-07-07,2025-07-15,2,Medium,Integration,Y,N,10.6
INC00828,APP009,2025-12-11,2025-12-24,4,Medium,Performance,N,N,1.4
INC00829,APP007,2025-09-27,2025-10-18,3,Medium,Performance,N,N,0.4
INC00830,APP005,2026-03-02,2026-03-03,3,Medium,Performance,N,N,1.1
INC00831,APP015,2025-11-12,2025-11-20,3,Medium,Change-related,N,N,0.1
INC00832,APP024,2026-01-17,2026-01-19,3,Medium,Data,N,N,2.6
INC00833,APP011,2025-11-01,2025-11-04,3,Low,Change-related,Y,N,1.8
INC00834,APP027,2025-08-03,2025-08-04,3,Medium,Access,N,N,0.8
INC00835,APP022,2025-12-03,2025-12-08,4,Low,Change-related,N,N,1.5
INC00836,APP038,2026-04-13,2026-04-14,4,Low,Access,Y,N,1.5
INC00837,APP022,2026-03-30,2026-03-31,3,Low,Security,N,N,2.6
INC00838,APP039,2026-03-20,2026-03-22,2,High,Integration,N,N,11.7
INC00839,APP013,2025-12-19,2025-12-27,3,Low,Access,N,N,2.0
INC00840,APP040,2025-09-10,2025-09-13,4,Medium,Security,N,N,1.6
INC00841,APP021,2025-10-13,2025-11-03,4,Medium,Availability,N,N,0.7
INC00842,APP039,2026-05-21,2026-05-22,4,Low,Access,N,N,1.5
INC00843,APP018,2026-04-17,2026-04-22,3,Medium,Access,Y,N,0.4
INC00844,APP025,2026-04-08,2026-04-08,4,Medium,Performance,N,N,1.4
INC00845,APP036,2026-04-25,2026-05-16,4,Low,Performance,N,Y,2.9
INC00846,APP032,2026-05-01,2026-05-04,2,Low,Access,Y,Y,2.6
INC00847,APP024,2025-07-28,2025-07-28,1,Medium,Availability,N,Y,9.5
INC00848,APP028,2025-10-13,2025-10-21,1,Major,Availability,Y,N,11.7
INC00849,APP018,2025-11-23,2025-11-25,3,Medium,Integration,N,N,1.1
INC00850,APP016,2025-09-16,2025-09-21,1,Medium,Change-related,N,Y,9.8
INC00851,APP025,2025-10-13,2025-10-13,3,Medium,Availability,N,N,0.4
INC00852,APP016,2026-01-25,2026-01-28,2,High,Performance,N,N,1.7
INC00853,APP016,2025-12-05,2025-12-13,3,Low,Performance,N,Y,2.5
INC00854,APP027,2026-02-13,2026-02-21,3,Low,Availability,N,Y,2.6
INC00855,APP032,2026-02-09,2026-03-02,4,Low,Access,Y,N,1.5
INC00856,APP025,2026-02-12,2026-02-17,3,Medium,Security,Y,N,2.5
INC00857,APP025,2025-09-25,2025-09-27,4,Medium,Access,N,N,0.8
INC00858,APP019,2025-10-27,2025-11-09,3,Medium,Security,N,N,2.1
INC00859,APP029,2025-07-12,2025-07-17,3,Low,Data,Y,N,1.3
INC00860,APP029,2026-02-03,2026-02-05,2,Medium,Performance,N,N,11.0
INC00861,APP017,2026-03-03,2026-03-04,2,High,Change-related,Y,N,4.7
INC00862,APP015,2025-08-16,2025-08-17,3,Medium,Integration,Y,N,0.2
INC00863,APP017,2026-02-17,2026-02-18,2,Low,Access,N,Y,5.2
INC00864,APP011,2026-03-24,2026-03-24,2,Major,Integration,N,N,6.8
INC00865,APP028,2025-09-24,2025-09-25,2,Major,Availability,Y,N,9.9
INC00866,APP012,2026-03-31,2026-04-03,2,Medium,Security,N,Y,6.6
INC00867,APP012,2025-11-03,2025-11-08,4,Medium,Change-related,N,N,2.4
INC00868,APP033,2026-03-16,2026-03-24,4,Medium,Performance,Y,N,0.5
INC00869,APP009,2025-11-01,2025-11-06,4,Low,Data,N,N,0.5
INC00870,APP008,2025-11-05,2025-11-10,2,Major,Availability,N,Y,0.5
INC00871,APP030,2026-03-28,2026-04-05,4,Low,Integration,N,N,2.8
INC00872,APP023,2026-05-07,2026-05-15,3,Low,Integration,N,Y,1.5
INC00873,APP032,2025-09-03,2025-09-05,4,Medium,Integration,N,N,0.3
INC00874,APP027,2026-01-12,2026-01-17,3,Medium,Access,N,Y,2.3
INC00875,APP014,2026-02-08,2026-02-09,4,Low,Change-related,N,N,2.4
INC00876,APP026,2025-11-03,2025-11-04,2,Low,Access,N,N,5.9
INC00877,APP030,2026-01-07,2026-01-20,4,Medium,Data,Y,Y,2.8
INC00878,APP007,2025-11-29,2025-12-04,3,Low,Data,N,Y,1.8
INC00879,APP023,2026-03-20,2026-03-20,3,Low,Availability,N,N,0.6
INC00880,APP033,2025-09-23,2025-09-23,1,High,Security,N,Y,0.8
INC00881,APP014,2026-05-19,2026-05-19,3,Low,Data,N,N,1.4
INC00882,APP040,2025-12-15,2025-12-15,3,Medium,Data,N,N,2.3
INC00883,APP003,2026-04-07,2026-04-28,3,Medium,Performance,N,N,2.0
INC00884,APP029,2026-05-22,2026-05-23,3,Medium,Availability,N,N,1.2
INC00885,APP003,2025-07-23,2025-07-24,3,Medium,Data,N,N,2.4
INC00886,APP010,2026-02-04,2026-02-07,3,Medium,Availability,Y,Y,2.6
INC00887,APP017,2026-03-05,2026-03-07,4,Low,Performance,N,Y,0.2
INC00888,APP030,2025-12-23,2025-12-28,3,Low,Access,N,N,2.0
INC00889,APP034,2025-09-18,2025-10-09,3,Low,Change-related,N,Y,2.4
INC00890,APP028,2026-03-05,2026-03-26,3,Low,Data,N,Y,2.9
INC00891,APP020,2025-11-09,2025-11-10,2,High,Change-related,N,Y,5.8
INC00892,APP010,2025-08-20,2025-09-10,3,Low,Data,N,N,1.7
INC00893,APP020,2025-08-11,2025-08-24,3,Medium,Change-related,N,Y,1.3
INC00894,APP028,2025-09-17,2025-09-17,3,Low,Access,Y,N,0.7
INC00895,APP032,2026-01-19,2026-01-27,3,Low,Change-related,N,N,0.7
INC00896,APP011,2025-12-20,2025-12-22,2,Low,Change-related,Y,Y,1.4
INC00897,APP001,2025-09-15,2025-09-28,3,Medium,Change-related,N,Y,0.0
INC00898,APP012,2025-07-17,2025-07-19,2,Medium,Security,Y,Y,2.4
INC00899,APP020,2025-12-17,2025-12-22,2,Major,Availability,Y,Y,9.6
INC00900,APP026,2026-03-09,2026-03-14,2,Medium,Integration,Y,N,2.1
INC00901,APP030,2026-05-07,2026-05-08,4,Medium,Data,N,N,0.9
INC00902,APP026,2025-12-21,2026-01-03,3,Low,Access,N,N,2.0
INC00903,APP026,2026-01-31,2026-02-02,4,Low,Security,N,Y,0.7
INC00904,APP010,2025-09-18,2025-09-18,1,Major,Performance,Y,N,2.0
INC00905,APP005,2025-11-22,2025-11-27,4,Medium,Security,N,N,1.2
INC00906,APP036,2026-04-27,2026-04-29,3,Low,Security,Y,N,0.5
INC00907,APP013,2025-12-24,2025-12-24,2,Medium,Data,N,N,5.8
INC00908,APP026,2025-12-13,2025-12-18,3,Low,Security,N,N,2.6
INC00909,APP012,2025-07-04,2025-07-05,4,Low,Data,Y,N,2.6
INC00910,APP022,2025-09-14,2025-09-15,1,High,Integration,N,N,10.9
INC00911,APP012,2026-01-30,2026-01-30,1,Medium,Security,N,N,4.4
INC00912,APP007,2026-03-05,2026-03-26,4,Medium,Performance,N,N,2.0
INC00913,APP033,2025-11-18,2025-12-09,3,Medium,Data,Y,N,2.9
INC00914,APP038,2026-04-07,2026-04-20,3,Medium,Access,N,Y,1.2
INC00915,APP005,2026-02-28,2026-03-08,4,Low,Integration,N,N,2.5
INC00916,APP015,2026-02-16,2026-02-16,3,Medium,Security,N,N,0.8
INC00917,APP034,2025-10-26,2025-10-29,1,High,Data,Y,N,1.0
INC00918,APP005,2025-11-18,2025-12-09,3,Low,Availability,N,N,2.0
INC00919,APP032,2026-04-24,2026-05-02,2,Medium,Change-related,Y,Y,11.1
INC00920,APP025,2026-04-14,2026-04-15,3,Medium,Availability,N,Y,1.0
INC00921,APP016,2026-03-03,2026-03-04,1,Medium,Performance,N,N,5.3
INC00922,APP028,2025-10-13,2025-10-18,3,Medium,Change-related,N,N,3.0
INC00923,APP036,2026-05-24,2026-05-25,2,Major,Change-related,Y,Y,1.3
INC00924,APP018,2025-09-30,2025-10-03,2,Medium,Availability,N,Y,6.0
INC00925,APP040,2025-11-20,2025-11-25,4,Medium,Access,N,N,2.4
INC00926,APP035,2025-11-06,2025-11-07,3,Medium,Performance,N,N,0.5
INC00927,APP035,2025-10-08,2025-10-13,3,Medium,Access,N,N,0.3
INC00928,APP033,2026-01-23,2026-01-24,2,Low,Change-related,Y,Y,10.1
INC00929,APP032,2026-04-12,2026-04-20,4,Low,Security,N,Y,2.7
INC00930,APP003,2026-02-17,2026-02-22,2,Medium,Availability,N,N,5.3
INC00931,APP001,2025-12-09,2025-12-10,4,Medium,Change-related,Y,N,1.6
INC00932,APP008,2026-04-30,2026-05-03,2,Medium,Availability,Y,N,3.3
INC00933,APP035,2026-02-03,2026-02-04,3,Medium,Access,N,N,0.8
INC00934,APP025,2025-09-17,2025-09-25,3,Medium,Integration,N,Y,1.5
INC00935,APP020,2026-01-25,2026-01-27,1,Medium,Performance,Y,Y,11.2
INC00936,APP039,2026-05-03,2026-05-08,4,Medium,Availability,N,N,1.0
INC00937,APP008,2025-10-02,2025-10-03,3,Medium,Availability,N,N,2.5
INC00938,APP036,2026-04-04,2026-04-05,4,Low,Integration,N,Y,2.7
INC00939,APP003,2025-12-07,2025-12-15,4,Medium,Security,N,N,2.2
INC00940,APP009,2025-08-05,2025-08-10,2,Major,Availability,N,Y,5.9
INC00941,APP024,2026-01-24,2026-01-27,3,Medium,Integration,N,Y,1.0
INC00942,APP012,2026-05-29,2026-05-30,4,Medium,Data,N,N,2.1
INC00943,APP011,2026-03-18,2026-03-21,2,Major,Security,N,Y,6.2
INC00944,APP016,2025-07-31,2025-08-08,3,Medium,Change-related,N,N,0.4
INC00945,APP038,2026-01-27,2026-01-30,4,Low,Performance,Y,N,1.3
INC00946,APP039,2026-03-12,2026-03-12,1,Low,Integration,N,N,8.4
INC00947,APP037,2025-10-03,2025-10-04,4,Medium,Performance,Y,Y,3.0
INC00948,APP003,2025-08-06,2025-08-07,3,Medium,Access,Y,N,0.0
INC00949,APP014,2025-08-26,2025-08-26,4,Low,Availability,N,Y,1.3
INC00950,APP010,2026-05-28,2026-06-02,4,Low,Data,N,N,1.6
INC00951,APP018,2026-02-13,2026-02-14,3,Medium,Data,N,Y,2.6
INC00952,APP016,2026-03-08,2026-03-11,3,Low,Availability,N,Y,1.3
INC00953,APP011,2025-08-01,2025-08-01,4,Low,Integration,N,Y,1.2
INC00954,APP019,2025-09-11,2025-09-12,3,Low,Change-related,Y,N,2.4
INC00955,APP034,2025-08-03,2025-08-08,3,Low,Security,N,N,0.6
INC00956,APP018,2026-03-02,2026-03-05,4,Medium,Data,N,N,2.7
INC00957,APP002,2025-10-29,2025-11-06,3,Medium,Integration,N,Y,0.8
INC00958,APP024,2026-03-25,2026-03-26,3,Low,Change-related,N,N,1.2
INC00959,APP005,2026-04-17,2026-04-18,4,Medium,Access,N,Y,2.3
INC00960,APP036,2026-05-11,2026-06-01,3,Medium,Security,N,N,0.0
INC00961,APP002,2025-12-15,2026-01-05,4,Low,Integration,N,Y,1.4
INC00962,APP012,2025-08-25,2025-09-02,3,Low,Security,N,N,0.6
INC00963,APP026,2026-05-05,2026-05-10,3,Medium,Data,N,N,0.6
INC00964,APP016,2025-12-14,2025-12-16,1,Medium,Data,N,N,6.2
INC00965,APP028,2026-04-14,2026-04-14,1,Major,Integration,N,Y,5.2
INC00966,APP003,2025-10-13,2025-11-03,3,Medium,Availability,N,N,0.4
INC00967,APP014,2025-10-20,2025-10-20,3,Low,Availability,N,Y,3.0
INC00968,APP038,2026-02-16,2026-02-17,4,Low,Performance,Y,Y,2.4
INC00969,APP039,2026-04-01,2026-04-03,4,Medium,Data,N,N,0.5
INC00970,APP001,2026-03-08,2026-03-10,4,Low,Access,Y,Y,1.5
INC00971,APP015,2026-04-21,2026-04-29,3,Low,Access,N,N,2.1
INC00972,APP002,2025-08-19,2025-08-19,4,Low,Performance,N,Y,0.7
INC00973,APP003,2025-09-30,2025-10-01,2,High,Performance,N,N,1.2
INC00974,APP029,2025-10-24,2025-10-24,3,Medium,Security,N,N,1.9
INC00975,APP020,2026-02-07,2026-02-07,2,High,Data,N,Y,2.5
INC00976,APP003,2026-03-30,2026-04-02,2,Major,Availability,N,Y,1.3
INC00977,APP027,2025-08-25,2025-08-26,3,Low,Security,N,N,0.5
INC00978,APP039,2026-03-30,2026-04-01,3,Low,Data,N,N,2.5
INC00979,APP029,2025-11-20,2025-11-22,3,Medium,Performance,N,N,1.1
INC00980,APP035,2026-02-24,2026-02-25,4,Medium,Availability,N,N,2.1
INC00981,APP008,2026-04-13,2026-04-14,3,Medium,Integration,N,N,2.6
INC00982,APP009,2025-11-01,2025-11-22,4,Medium,Performance,Y,N,1.6
INC00983,APP006,2025-11-10,2025-12-01,3,Medium,Change-related,N,Y,1.3
INC00984,APP014,2025-09-10,2025-09-12,4,Medium,Integration,N,N,1.3
INC00985,APP028,2026-05-21,2026-05-26,3,Low,Performance,N,N,0.1
INC00986,APP001,2025-07-14,2025-07-14,4,Medium,Availability,N,Y,2.3
INC00987,APP038,2025-08-11,2025-08-12,2,Low,Change-related,Y,N,9.5
INC00988,APP035,2026-05-28,2026-05-28,3,Medium,Access,N,N,2.0
INC00989,APP033,2026-05-27,2026-05-30,3,Low,Performance,Y,N,2.4
INC00990,APP039,2026-04-22,2026-04-25,3,Low,Integration,Y,Y,0.5
INC00991,APP019,2026-03-14,2026-03-14,3,Low,Data,N,Y,1.5
INC00992,APP030,2025-07-14,2025-07-14,1,Major,Security,N,Y,4.8
INC00993,APP022,2025-08-15,2025-09-05,3,Low,Integration,N,N,1.1
INC00994,APP008,2025-10-29,2025-11-01,3,Medium,Access,N,N,0.1
INC00995,APP020,2025-09-26,2025-10-04,4,Medium,Integration,Y,N,1.4
INC00996,APP027,2025-10-15,2025-11-05,3,Low,Integration,N,Y,2.3
INC00997,APP034,2025-10-03,2025-10-03,2,Medium,Change-related,Y,Y,10.5
INC00998,APP017,2026-03-28,2026-04-02,2,Major,Access,N,Y,6.8
INC00999,APP031,2026-03-13,2026-03-15,4,Medium,Data,N,N,1.9
INC01000,APP026,2025-11-15,2025-11-16,3,Medium,Security,N,N,2.0
